Target,Account_names,lower_account_names,OR,Person or source,News_Source,City,Province,Country,CBC,,
1010WINS,1010WINS,1010WINS,OR,source,1010 Wins,New York,New York,USA,Not CBC,,
1075_KISS_NEWS,1075_KISS_NEWS,1075_KISS_NEWS,OR,source,1075 Kiss,Okanagan,British Columbia,Canada,Not CBC,,
1130reporter,1130reporter,1130reporter,OR,person,NEWS 1130,Vancouver,British Columbia,Canada,Not CBC,,
1310NEWS,1310NEWS,1310NEWS,OR,source,1310 News,Ottawa,Ontario,Canada,Not CBC,,
24hoursvan,24hoursvan,24hoursvan,OR,source,24 Hours Vancouver,Vancouver,British Columbia,Canada,Not CBC,,
250_News,250_News,250_News,OR,source,250 News,Prince George,British Columbia,Canada,Not CBC,,
570News,570News,570News,OR,source,570 News,Kitchener,Ontario,Canada,Not CBC,,
nanaimodotnews,nanaimodotnews,nanaimodotnews,OR,source,Nanaimo Dot News,Nanaimo,British Columbia,Canada,Not CBC,,
630CHED,630CHED,630CHED,OR,source,630 CHED,Edmonton,Alberta,Canada,Not CBC,,
660NEWS,660NEWS,660NEWS,OR,source,660 News,Calgary,Alberta,Canada,Not CBC,,
660NEWSTRAFFIC,660NEWSTRAFFIC,660NEWSTRAFFIC,OR,source,660 News,Calgary,Alberta,Canada,Not CBC,,
680CJOB,680CJOB,680CJOB,OR,source,680 CJOB,Winnipeg,Manitoba,Canada,Not CBC,,
680NEWS,680NEWS,680NEWS,OR,source,680 News,Tornoto,Ontario,Canada,Not CBC,,
943theGOAT,943theGOAT,943theGOAT,OR,source,Vista Radio,British Columbia,British Columbia,Canada,Not CBC,,
abailey1130,abailey1130,abailey1130,OR,person,NEWS 1130,Vancouver,British Columbia,Canada,Not CBC,,
AbbyCBC,AbbyCBC,AbbyCBC,OR,person,CBC,Toronto,Ontario,Canada,CBC,,
AbbyNews,AbbyNews,AbbyNews,OR,source,Abby News,British Columbia,British Columbia,Canada,Not CBC,,
ABC13News,ABC13News,ABC13News,OR,source,ABC News,Lynchburg,Virginia,USA,Not CBC,,
ABCNews4,ABCNews4,ABCNews4,OR,source,ABC News,Charelston,South Carolina,USA,Not CBC,,
abmacbc,abmacbc,abmacbc,OR,person,CBC,Toronto,Ontario,Canada,CBC,,
ACarterglobal,ACarterglobal,ACarterglobal,OR,person,Global,Toronto,Ontario,Canada,Not CBC,,
accuweather,accuweather,accuweather,OR,source,Accu Weather,USA,USA,USA,Not CBC,,
adamforsythe,adamforsythe,adamforsythe,OR,person,NEWS 1130,British Columbia,British Columbia,Canada,Not CBC,,
AdrienneLambCBC,AdrienneLambCBC,AdrienneLambCBC,OR,person,CBC,Edmonton,Alberta,Canada,CBC,,
adriennepancbc,adriennepancbc,adriennepancbc,OR,person,CBC,Edmonton,Alberta,Canada,CBC,,
AGeddesCBC,AGeddesCBC,AGeddesCBC,OR,person,CBC,Edmonton,Alberta,Canada,CBC,,
AHadadeanCTV,AHadadeanCTV,AHadadeanCTV,OR,person,CTV,Windsor,Ontario,Canada,Not CBC,,
AHiddyCBC,AHiddyCBC,AHiddyCBC,OR,person,CBC,Regina,Saskatchewan,Canada,CBC,,
AirFarceCBC,AirFarceCBC,AirFarceCBC,OR,source,CBC,Canada,Canada,Canada,CBC,,
AlberniNews,AlberniNews,AlberniNews,OR,source,Alberni News,Port Alberni,British Columbia,Canada,Not CBC,,
AlexBrownCTV,AlexBrownCTV,AlexBrownCTV,OR,person,CTV,Toronto,Ontario,Canada,Not CBC,,
AllanAprilCTV,AllanAprilCTV,AllanAprilCTV,OR,person,CTV,Halifax,Nova Scotia,Canada,Not CBC,,
allisonvglobal,allisonvglobal,allisonvglobal,OR,person,Global,Toronto,Ontario,Canada,Not CBC,,
AM900CHML,AM900CHML,AM900CHML,OR,source,AM 900 CHML,Hamilton,Ontario,Canada,Not CBC,,
AMacOnAir,AMacOnAir,AMacOnAir,OR,person,City,Vancouver,British Columbia,Canada,Not CBC,,
AmandaWawryk,AmandaWawryk,AmandaWawryk,OR,person,NEWS 1130,Vancouver,British Columbia,Canada,Not CBC,,
ameliaNEWS1130,ameliaNEWS1130,ameliaNEWS1130,OR,person,NEWS 1130,Vancouver,British Columbia,Canada,Not CBC,,
amzcbc,amzcbc,amzcbc,OR,source,CBC,Regina,Saskatchewan,Canada,CBC,,
AnaAlmeidaCTV,AnaAlmeidaCTV,AnaAlmeidaCTV,OR,person,CTV,Canada,Canada,Canada,Not CBC,,
AngelaJungCTV,AngelaJungCTV,AngelaJungCTV,OR,person,CTV,Edmonton,Alberta,Canada,Not CBC,,
AngelaKnightCBC,AngelaKnightCBC,AngelaKnightCBC,OR,person,CBC,Calgary,Alberta,Canada,CBC,,
AnjuliCBC,AnjuliCBC,AnjuliCBC,OR,person,CBC,Halifax,Nova Scotia,Canada,CBC,,
APTNNews,APTNNews,APTNNews,OR,source,APTN,North,North,Canada,Not CBC,,
AshCarterGlobal,AshCarterGlobal,AshCarterGlobal,OR,person,Global,Toronto,Ontario,Canada,Not CBC,,
AshleyBurkeCBC,AshleyBurkeCBC,AshleyBurkeCBC,OR,person,CBC,Ottawa,Ontario,Canada,CBC,,
battisctv,battisctv,battisctv,OR,person,CTV,Halifax,Nova Scotia,Canada,Not CBC,,
BC1,BC1,BC1,OR,source,BC News,British Columbia,British Columbia,Canada,Not CBC,,
BCGovFireInfo,BCGovFireInfo,BCGovFireInfo,OR,source,BC Wildfire Help,British Columbia,British Columbia,Canada,Not CBC,,
BCGovNews,BCGovNews,BCGovNews,OR,source,BC Government News,British Columbia,British Columbia,Canada,Not CBC,,
BCHealthEM,BCHealthEM,BCHealthEM,OR,source,BC Health Emergency Information,British Columbia,British Columbia,Canada,Not CBC,,
bcitnews,bcitnews,bcitnews,OR,source,BC Tech News,British Columbia,British Columbia,Canada,Not CBC,,
BCWildfireHelp,BCWildfireHelp,BCWildfireHelp,OR,source,BC Wildfire Help,British Columbia,British Columbia,Canada,Not CBC,,
Ben_oharabyrne,Ben_oharabyrne,Ben_oharabyrne,OR,person,CHEK News,Victoria,British Columbia,Canada,Not CBC,,
BenTDooley,BenTDooley,BenTDooley,OR,person,CKNW,Surrey,British Columbia,Canada,Not CBC,,
benwilson1130,benwilson1130,benwilson1130,OR,person,NEWS 1130,Vancouver,British Columbia,Canada,Not CBC,,
Bernardo1130,Bernardo1130,Bernardo1130,OR,person,NEWS 1130,Vancouver,British Columbia,Canada,Not CBC,,
BerniceCBC,BerniceCBC,BerniceCBC,OR,person,CBC,Corner Brook,Newfoundland,Canada,CBC,,
BethCTV,BethCTV,BethCTV,OR,person,CTV,Winnipeg,Manitoba,Canada,Not CBC,,
BIVnews,BIVnews,BIVnews,OR,source,BIV News,Vancouver,British Columbia,Canada,Not CBC,,
BlackPressMedia,BlackPressMedia,BlackPressMedia,OR,source,Black Press Media,British Columbia,British Columbia,Canada,Not CBC,,
BlueShoreNews,BlueShoreNews,BlueShoreNews,OR,source,Blue Shore News,Vancouver,British Columbia,Canada,Not CBC,,
bmanphoto,bmanphoto,bmanphoto,OR,person,CTV,Vancouver,British Columbia,Canada,Not CBC,,
bradleyrjay,bradleyrjay,bradleyrjay,OR,person,Summit 107 FM,British Columbia,British Columbia,Canada,Not CBC,,
brampton_news,brampton_news,brampton_news,OR,source,Brampton News,Brampton,Ontario,Canada,Not CBC,,
BrennanAllenCBC,BrennanAllenCBC,BrennanAllenCBC,OR,person,CBC,Halifax,Nova Scotia,Canada,CBC,,
BrentLaleCTV,BrentLaleCTV,BrentLaleCTV,OR,person,CTV,Canada,Canada,Canada,Not CBC,,
Brett_CBC,Brett_CBC,Brett_CBC,OR,person,CBC,Halifax,Nova Scotia,Canada,CBC,,
briancbctraffic,briancbctraffic,briancbctraffic,OR,person,CBC,Corner Brook,Newfoundland,Canada,CBC,,
BruceClaggett,BruceClaggett,BruceClaggett,OR,person,NEWS 1130,Vancouver,British Columbia,Canada,Not CBC,,
BruceFriskoCTV,BruceFriskoCTV,BruceFriskoCTV,OR,person,CTV,Canada,Canada,Canada,Not CBC,,
BryanMGlobal,BryanMGlobal,BryanMGlobal,OR,person,Global,Canada,Canada,Canada,Not CBC,,
BT_Vancouver,BT_Vancouver,BT_Vancouver,OR,source,City,Vancouver,British Columbia,Canada,Not CBC,,
CalgaryCP,CalgaryCP,CalgaryCP,OR,source,The Canadian Press,Calgary,Alberta,Canada,Not CBC,,
calgaryherald,calgaryherald,calgaryherald,OR,source,calgary herald,Calgary,Alberta,Canada,Not CBC,,
calgarysun,calgarysun,calgarysun,OR,source,The Sun,Calgary,Alberta,Canada,Not CBC,,
CamMacIntoshCBC,CamMacIntoshCBC,CamMacIntoshCBC,OR,person,CBC,Winnipeg,Manitoba,Canada,CBC,,
Canoe,Canoe,Canoe,OR,source,Canoe,Canada,Canada,Canada,Not CBC,,
CanRedCrossATL,CanRedCrossATL,CanRedCrossATL,OR,source,Red Cross,British Columbia,British Columbia,Canada,Not CBC,,
canredcrossnb,canredcrossnb,canredcrossnb,OR,source,Red Cross,New Brunswick,New Brunswick,Canada,Not CBC,,
canredcrossnl,canredcrossnl,canredcrossnl,OR,source,Red Cross,Newfoundland,Newfoundland,Canada,Not CBC,,
canredcrossns,canredcrossns,canredcrossns,OR,source,Red Cross,Nova Scotia,Nova Scotia,Canada,Not CBC,,
canredcrosspei,canredcrosspei,canredcrosspei,OR,source,Red Cross,PEI,PEI,Canada,Not CBC,,
capebretonpost,capebretonpost,capebretonpost,OR,source,Cape Breton Post,Cape Breton,Nova Scotia,Canada,Not CBC,,
carolynraycbc,carolynraycbc,carolynraycbc,OR,person,CBC,Halifax,Nova Scotia,Canada,CBC,,
CastanetNews,CastanetNews,CastanetNews,OR,source,Castanet News,Kelowna,British Columbia,Canada,Not CBC,,
cattunneycbc,cattunneycbc,cattunneycbc,OR,person,CBC,Ottawa,Ontario,Canada,CBC,,
CBC,CBC,CBC,OR,source,CBC,Canada,Canada,Canada,CBC,,
cbc_life,cbc_life,cbc_life,OR,source,CBC,Canada,Canada,Canada,CBC,,
CBC_Michael,CBC_Michael,CBC_Michael,OR,person,CBC,Canada,Canada,Canada,CBC,,
CBC_TOCommunity,CBC_TOCommunity,CBC_TOCommunity,OR,source,CBC,Toronto,Ontario,Canada,CBC,,
cbc2017,cbc2017,cbc2017,OR,source,CBC,Canada,Canada,Canada,CBC,,
CBCAdrianH,CBCAdrianH,CBCAdrianH,OR,person,CBC,Ottawa,Ontario,Canada,CBC,,
CBCAfternoonDr,CBCAfternoonDr,CBCAfternoonDr,OR,source,CBC,Canada,Canada,Canada,CBC,,
CBCAlerts,CBCAlerts,CBCAlerts,OR,source,CBC,Canada,Canada,Canada,CBC,,
CBCArts,CBCArts,CBCArts,OR,source,CBC,Canada,Canada,Canada,CBC,,
cbcasithappens,cbcasithappens,cbcasithappens,OR,source,CBC,Canada,Canada,Canada,CBC,,
CBCBecauseNews,CBCBecauseNews,CBCBecauseNews,OR,source,CBC,Canada,Canada,Canada,CBC,,
cbcbernard,cbcbernard,cbcbernard,OR,person,CBC,London,Ontario,Canada,CBC,,
cbcbooks,cbcbooks,cbcbooks,OR,source,CBC,Canada,Canada,Canada,CBC,,
CBCBreakaway,CBCBreakaway,CBCBreakaway,OR,source,CBC,Quebec,Quebec,Canada,CBC,,
CBCBusiness,CBCBusiness,CBCBusiness,OR,source,CBC,Canada,Canada,Canada,CBC,,
CBCCalgary,CBCCalgary,CBCCalgary,OR,source,CBC,Calgary,Alberta,Canada,CBC,,
CBCcameraman,CBCcameraman,CBCcameraman,OR,person,CBC,Halifax,Nova Scotia,Canada,CBC,,
CBCCanada,CBCCanada,CBCCanada,OR,source,CBC,Canada,Canada,Canada,CBC,,
CBCComedy,CBCComedy,CBCComedy,OR,source,CBC,Canada,Canada,Canada,CBC,,
CBCCrosstalk,CBCCrosstalk,CBCCrosstalk,OR,source,CBC,Canada,Canada,Canada,CBC,,
CBCDay6,CBCDay6,CBCDay6,OR,source,CBC,Canada,Canada,Canada,CBC,,
cbcdebaters,cbcdebaters,cbcdebaters,OR,source,CBC,Canada,Canada,Canada,CBC,,
cbcdocs,cbcdocs,cbcdocs,OR,source,CBC,Canada,Canada,Canada,CBC,,
cbcDougDirks,cbcDougDirks,cbcDougDirks,OR,person,CBC,Calgary,Alberta,Canada,CBC,,
CBCEdmonton,CBCEdmonton,CBCEdmonton,OR,source,CBC,Edmonton,Alberta,Canada,CBC,,
CBCEyeopener,CBCEyeopener,CBCEyeopener,OR,source,CBC,Calgary,Alberta,Canada,CBC,,
cbcfreshair,cbcfreshair,cbcfreshair,OR,source,CBC,Toronto,Ontario,Canada,CBC,,
CBCGloria,CBCGloria,CBCGloria,OR,person,CBC,Vancouver,British Columbia,Canada,CBC,,
CBCHamilton,CBCHamilton,CBCHamilton,OR,source,CBC,Hamilton,Ontario,Canada,CBC,,
CBCHfxTraffic,CBCHfxTraffic,CBCHfxTraffic,OR,source,CBC,Halifax,Nova Scotia,Canada,CBC,,
cbchh,cbchh,cbchh,OR,source,CBC,Canada,Canada,Canada,CBC,,
CBCHomestretch,CBCHomestretch,CBCHomestretch,OR,source,CBC,Calgary,Alberta,Canada,CBC,,
cbcian,cbcian,cbcian,OR,person,CBC,Vancouver,British Columbia,Canada,CBC,,
cbcideas,cbcideas,cbcideas,OR,source,CBC,Canada,Canada,Canada,CBC,,
CBCIndigenous,CBCIndigenous,CBCIndigenous,OR,source,CBC,North,North,Canada,CBC,,
CBCInfoRad,CBCInfoRad,CBCInfoRad,OR,source,CBC,Winnipeg,Manitoba,Canada,CBC,,
CBCJaredThomas,CBCJaredThomas,CBCJaredThomas,OR,source,CBC,England,England,England,CBC,,
cbcjlong,cbcjlong,cbcjlong,OR,person,CBC,Ottawa,Ontario,Canada,CBC,,
CBCJohnBertrand,CBCJohnBertrand,CBCJohnBertrand,OR,person,CBC,Winnipeg,Manitoba,Canada,CBC,,
CBCjulie_dupre,CBCjulie_dupre,CBCjulie_dupre,OR,person,CBC,Winnipeg,Manitoba,Canada,CBC,,
CBCKamloops,CBCKamloops,CBCKamloops,OR,source,CBC,Kamloops,British Columbia,Canada,CBC,,
CBCKatie,CBCKatie,CBCKatie,OR,person,CBC,Ottawa,Ontario,Canada,CBC,,
CBCkd,CBCkd,CBCkd,OR,person,CBC,Calgary,Alberta,Canada,CBC,,
CBCKeyofA,CBCKeyofA,CBCKeyofA,OR,source,CBC,Calgary,Alberta,Canada,CBC,,
CBCKids,CBCKids,CBCKids,OR,source,CBC,Canada,Canada,Canada,CBC,,
CBCKW891,CBCKW891,CBCKW891,OR,source,CBC,Kitchener,Ontario,Canada,CBC,,
cbcLarson,cbcLarson,cbcLarson,OR,person,CBC,Regina,Saskatchewan,Canada,CBC,,
CBCLondon,CBCLondon,CBCLondon,OR,source,CBC,London,Ontario,Canada,CBC,,
CBCLorenda,CBCLorenda,CBCLorenda,OR,person,CBC,Toronto,Ontario,Canada,CBC,,
CBCManitoba,CBCManitoba,CBCManitoba,OR,source,CBC,Manitoba,Manitoba,Canada,CBC,,
CBCMarcy,CBCMarcy,CBCMarcy,OR,person,CBC,Winnipeg,Manitoba,Canada,CBC,,
cbcmarketplace,cbcmarketplace,cbcmarketplace,OR,source,CBC,Canada,Canada,Canada,CBC,,
CBCMartina,CBCMartina,CBCMartina,OR,person,CBC,Toronto,Ontario,Canada,CBC,,
CBCMeaghanK,CBCMeaghanK,CBCMeaghanK,OR,person,CBC,Winnipeg,Manitoba,Canada,CBC,,
CBCMoncton,CBCMoncton,CBCMoncton,OR,source,CBC,Moncton,Nova Scotia,Canada,CBC,,
CBCMontreal,CBCMontreal,CBCMontreal,OR,source,CBC,Montreal,Quebec,Canada,CBC,,
CBCMorningLive,CBCMorningLive,CBCMorningLive,OR,source,CBC,Toronto,Ontario,Canada,CBC,,
CBCMusic,CBCMusic,CBCMusic,OR,source,CBC,Canada,Canada,Canada,CBC,,
CBCNB,CBCNB,CBCNB,OR,source,CBC,New Brunswick,New Brunswick,Canada,CBC,,
CBCNews,CBCNews,CBCNews,OR,source,CBC,Canada,Canada,Canada,CBC,,
cbcnewsbc,cbcnewsbc,cbcnewsbc,OR,source,CBC,British Columbia,British Columbia,Canada,CBC,,
CBCNL,CBCNL,CBCNL,OR,source,CBC,New Foundland,Newfoundland,Canada,CBC,,
CBCNorth,CBCNorth,CBCNorth,OR,source,CBC,Canada,Canada,Canada,CBC,,
CBCNorthComms,CBCNorthComms,CBCNorthComms,OR,source,CBC,Canada,Canada,Canada,CBC,,
CBCNS,CBCNS,CBCNS,OR,source,CBC,Nova Scotia,Nova Scotia,Canada,CBC,,
CBCNunavut,CBCNunavut,CBCNunavut,OR,source,CBC,North,North,Canada,CBC,,
CBCOlivia,CBCOlivia,CBCOlivia,OR,person,CBC,Sudbury,Ontario,Canada,CBC,,
CBCOlympics,CBCOlympics,CBCOlympics,OR,source,CBC,Canada,Canada,Canada,CBC,,
CBCOntarioToday,CBCOntarioToday,CBCOntarioToday,OR,source,CBC,Ontario,Ontario,Canada,CBC,,
CBCOntMorning,CBCOntMorning,CBCOntMorning,OR,source,CBC,Ontario,Ontario,Canada,CBC,,
CBCOttawa,CBCOttawa,CBCOttawa,OR,source,CBC,Ottawa,Ontario,Canada,CBC,,
cbcotttraffic,cbcotttraffic,cbcotttraffic,OR,source,CBC,Ottawa,Ontario,Canada,CBC,,
CBCPEI,CBCPEI,CBCPEI,OR,source,CBC,PEI,PEI,Canada,CBC,,
CBCPolitics,CBCPolitics,CBCPolitics,OR,source,CBC,Canada,Canada,Canada,CBC,,
CBCQueensPark,CBCQueensPark,CBCQueensPark,OR,source,CBC,Ontario,Ontario,Canada,CBC,,
cbcradio,cbcradio,cbcradio,OR,source,CBC,Canada,Canada,Canada,CBC,,
CBCRadio3,CBCRadio3,CBCRadio3,OR,source,CBC,Canada,Canada,Canada,CBC,,
CBCRadioaddict,CBCRadioaddict,CBCRadioaddict,OR,person,CBC,Canada,Canada,Canada,CBC,,
CBCRadioCanada,CBCRadioCanada,CBCRadioCanada,OR,source,CBC,Canada,Canada,Canada,CBC,,
CBCRadioCanada,CBCRadioCanada,CBCRadioCanada,OR,source,CBC,Canada,Canada,Canada,CBC,,
cbcradioq,cbcradioq,cbcradioq,OR,source,CBC,Canada,Canada,Canada,CBC,,
cbcrob,cbcrob,cbcrob,OR,person,CBC,Calgary,Alberta,Canada,CBC,,
CBCSask,CBCSask,CBCSask,OR,source,CBC,Saskatchewan,Saskatchewan,Canada,CBC,,
CBCSaskatoon,CBCSaskatoon,CBCSaskatoon,OR,source,CBC,Saskatoon,Saskatchewan,Canada,CBC,,
cbcsports,cbcsports,cbcsports,OR,source,CBC,Canada,Canada,Canada,CBC,,
CBCSunday,CBCSunday,CBCSunday,OR,source,CBC,Canada,Canada,Canada,CBC,,
CBCSuperiorMorn,CBCSuperiorMorn,CBCSuperiorMorn,OR,source,CBC,Thunder Bay,Ontario,Canada,CBC,,
CBCTashauna,CBCTashauna,CBCTashauna,OR,person,CBC,Canada,Canada,Canada,CBC,,
CBCTBay,CBCTBay,CBCTBay,OR,source,CBC,Thunder Bay,Ontario,Canada,CBC,,
CBCTempo,CBCTempo,CBCTempo,OR,source,CBC,Canada,Canada,Canada,CBC,,
CBCTheGoods,CBCTheGoods,CBCTheGoods,OR,source,CBC,Canada,Canada,Canada,CBC,,
CBCTheHouse,CBCTheHouse,CBCTheHouse,OR,source,CBC,Ottawa,Ontario,Canada,CBC,,
CBCTheNational,CBCTheNational,CBCTheNational,OR,source,CBC,Canada,Canada,Canada,CBC,,
CBCThisIsThat,CBCThisIsThat,CBCThisIsThat,OR,source,CBC,Vancouver,British Columbia,Canada,CBC,,
cbctom,cbctom,cbctom,OR,person,CBC,Toronto,Ontario,Canada,CBC,,
CBCToronto,CBCToronto,CBCToronto,OR,source,CBC,Toronto,Ontario,Canada,CBC,,
cbctorontomusic,cbctorontomusic,cbctorontomusic,OR,source,CBC,Toronto,Ontario,Canada,CBC,,
CBCTracy,CBCTracy,CBCTracy,OR,person,CBC,Calgary,Alberta,Canada,CBC,,
CBCTraffic,CBCTraffic,CBCTraffic,OR,source,CBC,Vancouver,British Columbia,Canada,CBC,,
CBCVancouver,CBCVancouver,CBCVancouver,OR,source,CBC,Vancouver,British Columbia,Canada,CBC,,
CBCWaddell,CBCWaddell,CBCWaddell,OR,person,CBC,Ottawa,Ontario,Canada,CBC,,
CBCWam,CBCWam,CBCWam,OR,person,CBC,Newfoundland,Newfoundland,Canada,CBC,,
CBCWindsor,CBCWindsor,CBCWindsor,OR,source,CBC,Windsor,Ontario,Canada,CBC,,
cbcyukonquest,cbcyukonquest,cbcyukonquest,OR,source,CBC,Yukon,Yukon,Canada,CBC,,
CBS12,CBS12,CBS12,OR,source,CBS,Florida,Florida,USA,Not CBC,,
CBS21NEWS,CBS21NEWS,CBS21NEWS,OR,source,CBS,Harrisburg,Pennsylvania,USA,Not CBC,,
CCampbellCTV,CCampbellCTV,CCampbellCTV,OR,person,CTV,Windsor,Ontario,Canada,Not CBC,,
ccdacre,ccdacre,ccdacre,OR,source,Castanet News,Penticton,British Columbia,Canada,Not CBC,,
CdnPress,CdnPress,CdnPress,OR,source,The Canadian Press,Canada,Canada,Canada,Not CBC,,
CdnPress_Arts,CdnPress_Arts,CdnPress_Arts,OR,source,The Canadian Press,Canada,Canada,Canada,Not CBC,,
CFJC_Today,CFJC_Today,CFJC_Today,OR,source,CFJC Today,Kamloops,British Columbia,Canada,Not CBC,,
CFRAOttawa,CFRAOttawa,CFRAOttawa,OR,source,CFRA Ottawa,Ottawa,Ontario,Canada,Not CBC,,
ChadHarrisBC,ChadHarrisBC,ChadHarrisBC,OR,person,City,Vancouver,British Columbia,Canada,Not CBC,,
CHEK_News,CHEK_News,CHEK_News,OR,source,CHEK News,Victoria,British Columbia,Canada,Not CBC,,
ChiuCBC,ChiuCBC,ChiuCBC,OR,person,CBC,Halifax,Nova Scotia,Canada,CBC,,
ChristyCBC,ChristyCBC,ChristyCBC,OR,person,CBC,Regina,Saskatchewan,Canada,CBC,,
chronicleherald,chronicleherald,chronicleherald,OR,source,Chrinicle Herald,Halifax,Nova Scotia,Canada,Not CBC,,
CindyDayCTV,CindyDayCTV,CindyDayCTV,OR,person,CTV,Halifax,Nova Scotia,Canada,Not CBC,,
CityCynthia,CityCynthia,CityCynthia,OR,person,City,Toronto,Ontario,Canada,Not CBC,,
CitylineCA,CitylineCA,CitylineCA,OR,source,City,Toronto,Ontario,Canada,Not CBC,,
CityNews,CityNews,CityNews,OR,source,City,Toronto,Ontario,Canada,Not CBC,,
CityNewsAmanda,CityNewsAmanda,CityNewsAmanda,OR,person,City,Toronto,Ontario,Canada,Not CBC,,
CitytvNews,CitytvNews,CitytvNews,OR,source,City,Toronto,Ontario,Canada,Not CBC,,
CJMENews,CJMENews,CJMENews,OR,source,CJME News,Regina,Saskatchewan,Canada,Not CBC,,
CKNW,CKNW,CKNW,OR,source,CKNW,Vancouver,British Columbia,Canada,Not CBC,,
CKOMNews,CKOMNews,CKOMNews,OR,person,CKOM News,Saskatoon,Saskatchewan,Canada,Not CBC,,
ckrwtherush,ckrwtherush,ckrwtherush,OR,source,CKRW The Rush,Whitehorse,Yukon,Canada,Not CBC,,
CKWS_TV,CKWS_TV,CKWS_TV,OR,source,CKWS TV,Kingston,Ontario,Canada,Not CBC,,
ClaudiaCTV,ClaudiaCTV,ClaudiaCTV,OR,person,CTV,Ottawa,Ontario,Canada,Not CBC,,
CochraneCBC,CochraneCBC,CochraneCBC,OR,person,CBC,Ottawa,Ontario,Canada,CBC,,
colleencbc,colleencbc,colleencbc,OR,person,CBC,Newfoundland,Newfoundland,Canada,CBC,,
coryedelCTV,coryedelCTV,coryedelCTV,OR,person,CTV,Edmonton,Alberta,Canada,Not CBC,,
coubroughCBC,coubroughCBC,coubroughCBC,OR,person,CBC,Winnipeg,Manitoba,Canada,CBC,,
Country97fm,Country97fm,Country97fm,OR,source,Vista Radio,British Columbia,British Columbia,Canada,Not CBC,,
CowichanCitizen,CowichanCitizen,CowichanCitizen,OR,source,Cowichan Citizen,Duncan,British Columbia,Canada,Not CBC,,
CP24,CP24,CP24,OR,source,CP24,Toronto,Ontario,Canada,Not CBC,,
craignorriscbc,craignorriscbc,craignorriscbc,OR,person,CBC,Guelph,Ontario,Canada,CBC,,
CrestonAdvance,CrestonAdvance,CrestonAdvance,OR,source,Creston Advance,Creston,British Columbia,Canada,Not CBC,,
cristina_CP24,cristina_CP24,cristina_CP24,OR,person,CP24,Toronto,Ontario,Canada,Not CBC,,
CRyczakCTV,CRyczakCTV,CRyczakCTV,OR,person,CTV,Winnipeg,Manitoba,Canada,Not CBC,,
CTV_Liveat5,CTV_Liveat5,CTV_Liveat5,OR,source,CTV,Halifax,Nova Scotia,Canada,Not CBC,,
ctv_marke,ctv_marke,ctv_marke,OR,person,CTV,Vancouver,British Columbia,Canada,Not CBC,,
CTV_PowerPlay,CTV_PowerPlay,CTV_PowerPlay,OR,source,CTV,Ottawa,Ontario,Canada,Not CBC,,
CTV_Television,CTV_Television,CTV_Television,OR,source,CTV,Canada,Canada,Canada,Not CBC,,
CTVAllison,CTVAllison,CTVAllison,OR,person,CTV,Prince Albert,Saskatchewan,Canada,Not CBC,,
CTVanchor,CTVanchor,CTVanchor,OR,person,CTV,Atlantic,Atlantic,Canada,Not CBC,,
CTVAtlantic,CTVAtlantic,CTVAtlantic,OR,source,CTV,Atlantic,Atlantic,Canada,Not CBC,,
CTVBarrieNews,CTVBarrieNews,CTVBarrieNews,OR,source,CTV,Barrie,Ontario,Canada,Not CBC,,
CTVBlair,CTVBlair,CTVBlair,OR,person,CTV,Saskatoon,Saskatchewan,Canada,Not CBC,,
CTVBuzzYYC,CTVBuzzYYC,CTVBuzzYYC,OR,source,CTV,Calgary,Alberta,Canada,Not CBC,,
CTVC_DIG,CTVC_DIG,CTVC_DIG,OR,source,CTV,Calgary,Alberta,Canada,Not CBC,,
CTVCalgary,CTVCalgary,CTVCalgary,OR,source,CTV,Calgary,Alberta,Canada,Not CBC,,
CTVChristina,CTVChristina,CTVChristina,OR,person,CTV,Kitchener,Ontario,Canada,Not CBC,,
CTVCommunityVI,CTVCommunityVI,CTVCommunityVI,OR,source,CTV,Vancouver Island,British Columbia,Canada,Not CBC,,
CTVDarrell,CTVDarrell,CTVDarrell,OR,person,CTV,Regina,Saskatchewan,Canada,Not CBC,,
CTVDory,CTVDory,CTVDory,OR,person,CTV,Lethbridge,Alberta,Canada,Not CBC,,
ctvedmonton,ctvedmonton,ctvedmonton,OR,source,CTV,Edmonton,Alberta,Canada,Not CBC,,
CTVIanWhite,CTVIanWhite,CTVIanWhite,OR,person,CTV,Calgary,Alberta,Canada,Not CBC,,
CTVInaSidhu,CTVInaSidhu,CTVInaSidhu,OR,person,CTV,Calgary,Alberta,Canada,Not CBC,,
CTVJamie,CTVJamie,CTVJamie,OR,person,CTV,Regina,Saskatchewan,Canada,Not CBC,,
CTVKahla,CTVKahla,CTVKahla,OR,person,CTV,Regina,Saskatchewan,Canada,Not CBC,,
CTVKathyLe,CTVKathyLe,CTVKathyLe,OR,person,CTV,Calgary,Alberta,Canada,Not CBC,,
CTVKitchener,CTVKitchener,CTVKitchener,OR,source,CTV,Kitchener,Ontario,Canada,Not CBC,,
CTVLethbridge,CTVLethbridge,CTVLethbridge,OR,source,CTV,Lethbridge,Alberta,Canada,Not CBC,,
CTVLis,CTVLis,CTVLis,OR,person,CTV,Toronto,Ontario,Canada,Not CBC,,
CTVLondon,CTVLondon,CTVLondon,OR,source,CTV,London,Ontario,Canada,Not CBC,,
CTVMelissaLamb,CTVMelissaLamb,CTVMelissaLamb,OR,person,CTV,Ottawa,Ontario,Canada,Not CBC,,
CTVMercedes,CTVMercedes,CTVMercedes,OR,person,CTV,Ottawa,Ontario,Canada,Not CBC,,
CTVMontreal,CTVMontreal,CTVMontreal,OR,source,CTV,Montreal,Quebec,Canada,Not CBC,,
CTVMorningAtl,CTVMorningAtl,CTVMorningAtl,OR,source,CTV,Atlantic,Atlantic,Canada,Not CBC,,
CTVMorningLive,CTVMorningLive,CTVMorningLive,OR,source,CTV,Vancouver,British Columbia,Canada,Not CBC,,
CTVMorningWPG,CTVMorningWPG,CTVMorningWPG,OR,source,CTV,Winnipeg,Manitoba,Canada,Not CBC,,
CTVMorningYYC,CTVMorningYYC,CTVMorningYYC,OR,source,CTV,Calgary,Alberta,Canada,Not CBC,,
CTVNationalNews,CTVNationalNews,CTVNationalNews,OR,source,CTV,Canada,Canada,Canada,Not CBC,,
CTVNews,CTVNews,CTVNews,OR,source,CTV,Canada,Canada,Canada,Not CBC,,
CTVNewsAstrid,CTVNewsAstrid,CTVNewsAstrid,OR,person,CTV,Victoria,British Columbia,Canada,Not CBC,,
CTVNewsBen,CTVNewsBen,CTVNewsBen,OR,person,CTV,Vancouver,British Columbia,Canada,Not CBC,,
CTVNewsJeff,CTVNewsJeff,CTVNewsJeff,OR,person,CTV,Victoria,British Columbia,Canada,Not CBC,,
CTVNewsLouise,CTVNewsLouise,CTVNewsLouise,OR,person,CTV,Victoria,British Columbia,Canada,Not CBC,,
CTVNewsVI,CTVNewsVI,CTVNewsVI,OR,person,CTV,Vancouver,British Columbia,Canada,Not CBC,,
CTVNewsYvonne,CTVNewsYvonne,CTVNewsYvonne,OR,person,CTV,Victoria,British Columbia,Canada,Not CBC,,
CTVNorma,CTVNorma,CTVNorma,OR,person,CTV,Vancouver,British Columbia,Canada,Not CBC,,
CTVNorthernNews,CTVNorthernNews,CTVNorthernNews,OR,source,CTV,North,North,Canada,Not CBC,,
CTVOmar,CTVOmar,CTVOmar,OR,person,CTV,Toronto,Ontario,Canada,Not CBC,,
ctvottawa,ctvottawa,ctvottawa,OR,source,CTV,Ottawa,Ontario,Canada,Not CBC,,
CTVOttMornLive,CTVOttMornLive,CTVOttMornLive,OR,source,CTV,Ottawa,Ontario,Canada,Not CBC,,
CTVPrinceAlbert,CTVPrinceAlbert,CTVPrinceAlbert,OR,source,CTV,Prince Albert,Saskatchewan,Canada,Not CBC,,
ctvqp,ctvqp,ctvqp,OR,source,CTV,Ottawa,Ontario,Canada,Not CBC,,
CTVRachelle,CTVRachelle,CTVRachelle,OR,person,CTV,Prince Albert,Saskatchewan,Canada,Not CBC,,
ctvregina,ctvregina,ctvregina,OR,source,CTV,Regina,Saskatchewan,Canada,Not CBC,,
CTVReginaLive,CTVReginaLive,CTVReginaLive,OR,source,CTV,Regina,Saskatchewan,Canada,Not CBC,,
CTVRyanWhite,CTVRyanWhite,CTVRyanWhite,OR,person,CTV,Calgary,Alberta,Canada,Not CBC,,
CTVSarah,CTVSarah,CTVSarah,OR,person,CTV,Vancouver,British Columbia,Canada,Not CBC,,
ctvsaskatoon,ctvsaskatoon,ctvsaskatoon,OR,source,CTV,Saskatoon,Saskatchewan,Canada,Not CBC,,
CTVSchmidtC,CTVSchmidtC,CTVSchmidtC,OR,person,CTV,Calgary,Alberta,Canada,Not CBC,,
CTVShaunF,CTVShaunF,CTVShaunF,OR,person,CTV,Calgary,Alberta,Canada,Not CBC,,
CTVStephanie,CTVStephanie,CTVStephanie,OR,person,CTV,Saskatoon,Saskatchewan,Canada,Not CBC,,
CTVTaraNelson,CTVTaraNelson,CTVTaraNelson,OR,person,CTV,Calgary,Alberta,Canada,Not CBC,,
CTVTaylor,CTVTaylor,CTVTaylor,OR,person,CTV,Red Deer,Alberta,Canada,Not CBC,,
CTVToronto,CTVToronto,CTVToronto,OR,source,CTV,Toronto,Ontario,Canada,Not CBC,,
CTVVancouver,CTVVancouver,CTVVancouver,OR,source,CTV,Vancouver,British Columbia,Canada,Not CBC,,
CTVWindsor,CTVWindsor,CTVWindsor,OR,source,CTV,Windsor,Ontario,Canada,Not CBC,,
ctvwinnipeg,ctvwinnipeg,ctvwinnipeg,OR,source,CTV,Winnipeg,Manitoba,Canada,Not CBC,,
CTVYorkton,CTVYorkton,CTVYorkton,OR,source,CTV,Yorkton,Saskatchewan,Canada,Not CBC,,
CVRecord,CVRecord,CVRecord,OR,source,Comov Valley Record,Comox Valley,British Columbia,Canada,Not CBC,,
cwadsworthCTV,cwadsworthCTV,cwadsworthCTV,OR,person,CTV,Ottawa,Ontario,Canada,Not CBC,,
DaleatLFPress,DaleatLFPress,DaleatLFPress,OR,person,London Free Press,London,Ontario,Canada,Not CBC,,
DanApplebyCTV,DanApplebyCTV,DanApplebyCTV,OR,person,CTV,Atlantic,Atlantic,Canada,Not CBC,,
davidakin,davidakin,davidakin,OR,person,Global,Ottawa,Ontario,Canada,Not CBC,,
DavidBellCBC,DavidBellCBC,DavidBellCBC,OR,person,CBC,Calgary,Alberta,Canada,CBC,,
DeniseCTV,DeniseCTV,DeniseCTV,OR,person,CTV,Toronto,Ontario,Canada,Not CBC,,
DeSmogCanada,DeSmogCanada,DeSmogCanada,OR,source,De Smog Canada,Canada,Canada,Canada,Not CBC,,
DGrummettCTV,DGrummettCTV,DGrummettCTV,OR,person,CTV,Edmonton,Alberta,Canada,Not CBC,,
DHerbertCBC,DHerbertCBC,DHerbertCBC,OR,person,CBC,Kamloops,British Columbia,Canada,CBC,,
digital_newsgal,digital_newsgal,digital_newsgal,OR,person,CTV,Vancouver,British Columbia,Canada,Not CBC,,
DillonTCBC,DillonTCBC,DillonTCBC,OR,person,CBC,St John,Newfoundland,Canada,CBC,,
DominicTerryCTV,DominicTerryCTV,DominicTerryCTV,OR,person,CTV,Calgary,Alberta,Canada,Not CBC,,
donaldsonkyle,donaldsonkyle,donaldsonkyle,OR,person,City,Vancouver,British Columbia,Canada,Not CBC,,
DonBellCBC,DonBellCBC,DonBellCBC,OR,person,CBC,Edmonton,Alberta,Canada,CBC,,
donnaleecbc,donnaleecbc,donnaleecbc,OR,person,CBC,Iqaluit,North,Canada,CBC,,
DuranCKNW980,DuranCKNW980,DuranCKNW980,OR,person,CKNW,British Columbia,British Columbia,Canada,Not CBC,,
dustinrgodfrey,dustinrgodfrey,dustinrgodfrey,OR,person,Penticton News,Penticton,British Columbia,Canada,Not CBC,,
eastknow,eastknow,eastknow,OR,source,East Know,East Kootenay,British Columbia,Canada,Not CBC,,
EdmontonCP,EdmontonCP,EdmontonCP,OR,source,The Canadian Press,Edmonton,Alberta,Canada,Not CBC,,
edmontonjournal,edmontonjournal,edmontonjournal,OR,source,Edmonton Journal,Edmonton,Alberta,Canada,Not CBC,,
ElisaJaffe,ElisaJaffe,ElisaJaffe,OR,person,Komo News,Seattle,Washington,Canada,Not CBC,,
EmergencyInfoBC,EmergencyInfoBC,EmergencyInfoBC,OR,source,Emergency Info BC,British Columbia,British Columbia,Canada,Not CBC,,
ericgreniercbc,ericgreniercbc,ericgreniercbc,OR,person,CBC,Canada,Canada,Canada,CBC,,
etalkCTV,etalkCTV,etalkCTV,OR,source,CTV,Canada,Canada,Canada,Not CBC,,
ETCanada,ETCanada,ETCanada,OR,source,Global,Canada,Canada,Canada,Not CBC,,
fcavallarocbc,fcavallarocbc,fcavallarocbc,OR,person,CBC,Montreal,Quebec,Canada,CBC,,
Federation,Federation,Federation,OR,source,Red Cross,Canada,Canada,Canada,Not CBC,,
FernieFreePress,FernieFreePress,FernieFreePress,OR,person,London Free Press,Fernie,British Columbia,Canada,Not CBC,,
FortStJamesNews,FortStJamesNews,FortStJamesNews,OR,source,Fort Saint James News,Fort St. James,British Columbia,Canada,Not CBC,,
fox12oregon,fox12oregon,fox12oregon,OR,source,Fox 12 Oregon,Oregon,Oregon,USA,Not CBC,,
GaryCBC,GaryCBC,GaryCBC,OR,person,CBC,Kitchener,Ontario,Canada,CBC,,
GaryCunliffeCBC,GaryCunliffeCBC,GaryCunliffeCBC,OR,person,CBC,Edmonton,Alberta,Canada,CBC,,
GIDriftwood,GIDriftwood,GIDriftwood,OR,source,GI Driftwood,Salt Spring Island,British Columbia,Canada,Not CBC,,
global_bassett,global_bassett,global_bassett,OR,person,Global,Calgary,Alberta,Canada,Not CBC,,
global_leslie,global_leslie,global_leslie,OR,person,Global,Calgary,Alberta,Canada,Not CBC,,
Global_Montreal,Global_Montreal,Global_Montreal,OR,source,Global,Montreal,Quebec,Canada,Not CBC,,
Global_NB,Global_NB,Global_NB,OR,source,Global,New Brunswick,New Brunswick,Canada,Not CBC,,
Global_Smith,Global_Smith,Global_Smith,OR,person,Global,Calgary,Alberta,Canada,Not CBC,,
Global_TV,Global_TV,Global_TV,OR,source,Global,Canada,Canada,Canada,Not CBC,,
GlobalBC,GlobalBC,GlobalBC,OR,source,Global,British Columbia,British Columbia,Canada,Not CBC,,
GlobalBCMorning,GlobalBCMorning,GlobalBCMorning,OR,source,Global,British Columbia,British Columbia,Canada,Not CBC,,
GlobalBCWeather,GlobalBCWeather,GlobalBCWeather,OR,source,Global,British Columbia,British Columbia,Canada,Not CBC,,
GlobalCalgary,GlobalCalgary,GlobalCalgary,OR,source,Global,Calgary,Alberta,Canada,Not CBC,,
GlobalDurham,GlobalDurham,GlobalDurham,OR,source,Global,Durham,Ontario,Canada,Not CBC,,
GlobalEdmonton,GlobalEdmonton,GlobalEdmonton,OR,source,Global,Edmonton,Alberta,Canada,Not CBC,,
globalhalifax,globalhalifax,globalhalifax,OR,source,Global,Halifax,Nova Scotia,Canada,Not CBC,,
GlobalLeth,GlobalLeth,GlobalLeth,OR,source,Global,Lethbridge,Alberta,Canada,Not CBC,,
GlobalNational,GlobalNational,GlobalNational,OR,source,Global,Canada,Canada,Canada,Not CBC,,
globalnews,globalnews,globalnews,OR,source,Global,Canada,Canada,Canada,Not CBC,,
GlobalNewsLife,GlobalNewsLife,GlobalNewsLife,OR,source,Global,Canada,Canada,Canada,Not CBC,,
globalnewsto,globalnewsto,globalnewsto,OR,source,Global,Toronto,Ontario,Canada,Not CBC,,
GlobalOkanagan,GlobalOkanagan,GlobalOkanagan,OR,source,Global,Okanagan,British Columbia,Canada,Not CBC,,
GlobalParker,GlobalParker,GlobalParker,OR,person,Global,Calgary,Alberta,Canada,Not CBC,,
GlobalRegina,GlobalRegina,GlobalRegina,OR,source,Global,Regina,Saskatchewan,Canada,Not CBC,,
GlobalSaskatoon,GlobalSaskatoon,GlobalSaskatoon,OR,source,Global,Saskatoon,Saskatchewan,Canada,Not CBC,,
globalwinnipeg,globalwinnipeg,globalwinnipeg,OR,source,Global,Winnipeg,Manitoba,Canada,Not CBC,,
globeandmail,globeandmail,globeandmail,OR,source,Globe and Mail,Canada,Canada,Canada,Not CBC,,
GoldstreamNews,GoldstreamNews,GoldstreamNews,OR,source,Goldstream News,Victoria,British Columbia,Canada,Not CBC,,
GreaterVan_News,GreaterVan_News,GreaterVan_News,OR,source,Greater Van News,Vancouver,British Columbia,Canada,Not CBC,,
GregatLFPress,GregatLFPress,GregatLFPress,OR,person,London Free Press,London,Ontario,Canada,Not CBC,,
GregGuyCBC,GregGuyCBC,GregGuyCBC,OR,person,CBC,Halifax,Nova Scotia,Canada,CBC,,
HallieCBC,HallieCBC,HallieCBC,OR,person,CBC,Ottawa,Ontario,Canada,CBC,,
HanceCBC,HanceCBC,HanceCBC,OR,person,CBC,Saint Johns,New Brunswick,Canada,CBC,,
heartland_onCBC,heartland_onCBC,heartland_onCBC,OR,source,CBC,Canada,Canada,Canada,CBC,,
HeartlandOnCBC,HeartlandOnCBC,HeartlandOnCBC,OR,source,CBC,Canada,Canada,Canada,CBC,,
HeatherButtsCTV,HeatherButtsCTV,HeatherButtsCTV,OR,person,CTV,Barrie,Ontario,Canada,Not CBC,,
HeatherWellsCBC,HeatherWellsCBC,HeatherWellsCBC,OR,person,CBC,WInnipeg,Manitoba,Canada,CBC,,
HelenMannCBC,HelenMannCBC,HelenMannCBC,OR,person,CBC,Toronto,Ontario,Canada,CBC,,
hloughrancbc,hloughrancbc,hloughrancbc,OR,person,CBC,Saskatoon,Saskatchewan,Canada,CBC,,
hollybernierCBC,hollybernierCBC,hollybernierCBC,OR,person,CBC,Winnipeg,Manitoba,Canada,CBC,,
HopeStandard,HopeStandard,HopeStandard,OR,source,Hope Standard,Hope,British Columbia,Canada,Not CBC,,
HuffPostAlberta,HuffPostAlberta,HuffPostAlberta,OR,source,Huffington Post,Alberta,Alberta,Canada,Not CBC,,
HuffPostAU,HuffPostAU,HuffPostAU,OR,source,Huffington Post,Australia,Australia,Australia,Not CBC,,
HuffPostBC,HuffPostBC,HuffPostBC,OR,source,Huffington Post,British Columbia,British Columbia,Canada,Not CBC,,
HuffPostCaLiv,HuffPostCaLiv,HuffPostCaLiv,OR,source,Huffington Post,Canada,Canada,Canada,Not CBC,,
HuffPostCanada,HuffPostCanada,HuffPostCanada,OR,source,Huffington Post,Canada,Canada,Canada,Not CBC,,
HuffPostQuebec,HuffPostQuebec,HuffPostQuebec,OR,source,Huffington Post,Quebec,Quebec,Canada,Not CBC,,
HuttonCBC,HuttonCBC,HuttonCBC,OR,person,CBC,Saskatchewan,Saskatchewan,Canada,CBC,,
iancaldwellCTV,iancaldwellCTV,iancaldwellCTV,OR,person,CTV,Toronto,Ontario,Canada,Not CBC,,
icbc,icbc,icbc,OR,source,CBC,Quebec,Quebec,Canada,CBC,,
icbc_org,icbc_org,icbc_org,OR,source,CBC,Quebec,Quebec,Canada,CBC,,
iciradiocanada,iciradiocanada,iciradiocanada,OR,source,CBC,Canada,Canada,Canada,CBC,,
iheardradioCA,iheartradioCA,iheartradioCA,OR,source,iHeart Radio,Canada,Canada,Canada,Not CBC,,
InfoNewsKam,InfoNewsKam,InfoNewsKam,OR,source,Info News,Kamloops,British Columbia,Canada,Not CBC,,
infonewskelowna,infonewskelowna,infonewskelowna,OR,source,Info News,Kelowna,British Columbia,Canada,Not CBC,,
InfoNewsPentict,InfoNewsPentict,InfoNewsPentict,OR,source,Info News,Penticton,British Columbia,Canada,Not CBC,,
infonewsvernon,infonewsvernon,infonewsvernon,OR,source,Info News,Vernon,British Columbia,Canada,Not CBC,,
InSurreyWhiteRk,InSurreyWhiteRk,InSurreyWhiteRk,OR,source,In Surrey White Rock News,Surrey,British Columbia,Canada,Not CBC,,
ipoliticsca,ipoliticsca,ipoliticsca,OR,source,iPolitics Canada,Ottawa,Ontario,Canada,Not CBC,,
Irene680NEWS,Irene680NEWS,Irene680NEWS,OR,person,680 News,Toronto,Ontario,Canada,Not CBC,,
jackermann,jackermann,jackermann,OR,person,NEWS 1130,Vancouver,British Columbia,Canada,Not CBC,,
JanetStewartCBC,JanetStewartCBC,JanetStewartCBC,OR,person,CBC,Winnipeg,Manitoba,Canada,CBC,,
JasonViauCBC,JasonViauCBC,JasonViauCBC,OR,person,CBC,Windsor,Ontario,Canada,CBC,,
jdeMontreal,jdeMontreal,jdeMontreal,OR,source,Le Journal De Montreal,Montreal,Quebec,Canada,Not CBC,,
JeffRogstadCTV,JeffRogstadCTV,JeffRogstadCTV,OR,person,CTV,Saskatoon,Saskatchewan,Canada,Not CBC,,
JeremyGlobalTV,JeremyGlobalTV,JeremyGlobalTV,OR,person,Global,Toronto,Ontario,Canada,Not CBC,,
jesseferreras,jesseferreras,jesseferreras,OR,person,Global,Vancouver,British Columbia,Canada,Not CBC,,
JessicaSmithCTV,JessicaSmithCTV,JessicaSmithCTV,OR,person,CTV,Yorkton,Saskatchewan,Canada,Not CBC,,
jfergusoncbcpei,jfergusoncbcpei,jfergusoncbcpei,OR,person,CBC,PEI,PEI,Canada,CBC,,
JHallCKNW980,JHallCKNW980,JHallCKNW980,OR,person,CKNW,British Columbia,British Columbia,Canada,Not CBC,,
JillKrop,JillKrop,JillKrop,OR,person,Global,Vancouver,British Columbia,Canada,Not CBC,,
JJCTV,JJCTV,JJCTV,OR,person,CTV,Ottawa,Ontario,Canada,Not CBC,,
JLewisCTV,JLewisCTV,JLewisCTV,OR,person,CTV,Toronto,Ontario,Canada,Not CBC,,
joeswissctv,joeswissctv,joeswissctv,OR,person,CTV,Toronto,Ontario,Canada,Not CBC,,
johncrupictv,johncrupictv,johncrupictv,OR,person,CTV,Winnipeg,Manitoba,Canada,Not CBC,,
JohnHua,JohnHua,JohnHua,OR,person,Global,Vancouver,British Columbia,Canada,Not CBC,,
johnsauderCBC,johnsauderCBC,johnsauderCBC,OR,person,CBC,Winnipeg,Manitoba,Canada,CBC,,
jonmace680NEWS,jonmace680NEWS,jonmace680NEWS,OR,person,680 News,Toronto,Ontario,Canada,Not CBC,,
JonnaBrewerCBC,JonnaBrewerCBC,JonnaBrewerCBC,OR,person,CBC,Moncton,Nova Scotia,Canada,CBC,,
joshclassenCTV,joshclassenCTV,joshclassenCTV,OR,person,CTV,Edmonton,Alberta,Canada,Not CBC,,
JoshDehaas,JoshDehaas,JoshDehaas,OR,person,CTV,Toronto,Ontario,Canada,Not CBC,,
JThompsonCTV,JThompsonCTV,JThompsonCTV,OR,person,CTV,Edmonton,Alberta,Canada,Not CBC,,
jtmarshallCKOM,jtmarshallCKOM,jtmarshallCKOM,OR,person,CKOM News,Saskatoon,Saskatchewan,Canada,Not CBC,,
JudyTrinhCBC,JudyTrinhCBC,JudyTrinhCBC,OR,person,CBC,Ottawa,Ontario,Canada,CBC,,
JWilsonGlobal,JWilsonGlobal,JWilsonGlobal,OR,person,Global,Saskatoon,Saskatchewan,Canada,Not CBC,,
karenpaulscbc,karenpaulscbc,karenpaulscbc,OR,person,CBC,Winnipeg,Manitoba,Canada,CBC,,
KatieGriffinCTV,KatieGriffinCTV,KatieGriffinCTV,OR,person,CTV,Ottawa,Ontario,Canada,Not CBC,,
KatieRoweCBC,KatieRoweCBC,KatieRoweCBC,OR,person,CBC,Saint Johns,New Brunswick,Canada,CBC,,
KATUNews,KATUNews,KATUNews,OR,source,KATU News,Oregon,Oregon,USA,Not CBC,,
KBulletin,KBulletin,KBulletin,OR,source,Kimberley Bulletin,Kimberley,British Columbia,Canada,Not CBC,,
keithbaldrey,keithbaldrey,keithbaldrey,OR,person,global,Victoria,British Columbia,Canada,Not CBC,,
KeldaYuenCTV,KeldaYuenCTV,KeldaYuenCTV,OR,person,CTV,London,Ontario,Canada,Not CBC,,
KelownaCapNews,KelownaCapNews,KelownaCapNews,OR,source,Kelowna Cap News,Kelowna,British Columbia,Canada,Not CBC,,
KelvinGawley,KelvinGawley,KelvinGawley,OR,person,Abby News,British Columbia,British Columbia,Canada,Not CBC,,
KentMGlobal,KentMGlobal,KentMGlobal,OR,source,Global,Edmonton,Alberta,Canada,Not CBC,,
KGallagherCTV,KGallagherCTV,KGallagherCTV,OR,person,CTV,Ottawa,Ontario,Canada,Not CBC,,
KGordonGlobalBC,KGordonGlobalBC,KGordonGlobalBC,OR,person,Global,Vancouver,British Columbia,Canada,Not CBC,,
KGWNews,KGWNews,KGWNews,OR,source,KGWN News,Oregon,Oregon,USA,Not CBC,,
KHQLocalNews,KHQLocalNews,KHQLocalNews,OR,source,KQH Local News,Spokane,Washington,USA,Not CBC,,
KING5Seattle,KING5Seattle,KING5Seattle,OR,source,KING 5 Seattle,Seattle,Washington,USA,Not CBC,,
KIRO7Seattle,KIRO7Seattle,KIRO7Seattle,OR,source,KIRO 7 Seattle,Seattle,Washington,USA,Not CBC,,
KiSS925,KiSS925,KiSS925,OR,source,KiSS 92.5,Toronto,Ontario,Canada,Not CBC,,
KlaudiaGlobal,KlaudiaGlobal,KlaudiaGlobal,OR,person,Global,Okanagan,British Columbia,Canada,Not CBC,,
KOINNews,KOINNews,KOINNews,OR,source,KOIN News,Portland,Oregon,USA,Not CBC,,
komonews,komonews,komonews,OR,source,Komo News,Seattle,Washington,USA,Not CBC,,
komonewsradio,komonewsradio,komonewsradio,OR,source,Komo News,Seattle,Washington,USA,Not CBC,,
KUOW,KUOW,KUOW,OR,source,KUOW News,Seattle,Washington,USA,Not CBC,,
KyleBalzer,KyleBalzer,KyleBalzer,OR,person,Vista Radio,Prince George,British Columbia,Canada,Not CBC,,
LangleyAdvance,LangleyAdvance,LangleyAdvance,OR,source,Langley Advance,Langley,British Columbia,Canada,Not CBC,,
LangleyTimes,LangleyTimes,LangleyTimes,OR,source,Langley Times,Langley,British Columbia,Canada,Not CBC,,
larochecbc,larochecbc,larochecbc,OR,person,CBC,Halifax,Nova Scotia,Canada,CBC,,
LauraBrownCTV,LauraBrownCTV,LauraBrownCTV,OR,person,CTV,Halifax,Nova Scotia,Canada,Not CBC,,
Lauren_Global,Lauren_Global,Lauren_Global,OR,person,Global,Kelowna,British Columbia,Canada,Not CBC,,
leaderpost,leaderpost,leaderpost,OR,source,Leader Post,Regina,Saskatchewan,Canada,Not CBC,,
LeahCTV,LeahCTV,LeahCTV,OR,person,CTV,Ottawa,Ontario,Canada,Not CBC,,
LeenaCP24,LeenaCP24,LeenaCP24,OR,person,CP24,Toronto,Ontario,Canada,Not CBC,,
leth_herald,leth_herald,leth_herald,OR,source,The Lethbridge Herald,Lethbridge,Alberta,Canada,Not CBC,,
LFPress,LFPress,LFPress,OR,source,London Free Press,London,Ontario,Canada,Not CBC,,
LGrahamCTV,LGrahamCTV,LGrahamCTV,OR,person,CTV,Montreal,Quebec,Canada,Not CBC,,
LincolnCTV,LincolnCTV,LincolnCTV,OR,person,CTV,Sault Saint Marie,Ontario,Canada,Not CBC,,
lisa_prophet,lisa_prophet,lisa_prophet,OR,person,Maple Ridge News,Maple Ridge,British Columbia,Canada,Not CBC,,
LisaLaFlammeCTV,LisaLaFlammeCTV,LisaLaFlammeCTV,OR,person,CTV,Canada,Canada,Canada,Not CBC,,
lkretzel1130,lkretzel1130,lkretzel1130,OR,person,NEWS 1130,British Columbia,British Columbia,Canada,Not CBC,,
LOLCBC,LOLCBC,LOLCBC,OR,source,CBC,Canada,Canada,Canada,CBC,,
Lookout_news,Lookout_news,Lookout_news,OR,source,Lookout News,Victoria,British Columbia,Canada,Not CBC,,
looniepolitics,looniepolitics,looniepolitics,OR,source,Loonia Politics,Nova Scotia,Nova Scotia,Canada,Not CBC,,
LouiseMartinCBC,LouiseMartinCBC,LouiseMartinCBC,OR,person,CBC,Toronto,Ontario,Canada,CBC,,
LuctCTV,LuctCTV,LuctCTV,OR,person,CTV,Edmonton,Alberta,Canada,Not CBC,,
Lyndsay_CTV,Lyndsay_CTV,Lyndsay_CTV,OR,person,CTV,Kitchener,Ontario,Canada,Not CBC,,
macleans,macleans,macleans,OR,source,MacLeans,Canada,Canada,Canada,Not CBC,,
MapleRidgeNews,MapleRidgeNews,MapleRidgeNews,OR,source,Maple Ridge News,Maple Ridge,British Columbia,Canada,Not CBC,,
MarielleCBC,MarielleCBC,MarielleCBC,OR,person,CBC,Toronto,Ontario,Canada,CBC,,
MarilynDenisCTV,MarilynDenisCTV,MarilynDenisCTV,OR,person,CTV,Toronto,Ontario,Canada,Not CBC,,
MArsalidesCTV,MArsalidesCTV,MArsalidesCTV,OR,person,CTV,Barrie,Ontario,Canada,Not CBC,,
MarvinsRoomCBC,MarvinsRoomCBC,MarvinsRoomCBC,OR,person,CBC,Canada,Canada,Canada,CBC,,
mattrainniecbc,mattrainniecbc,mattrainniecbc,OR,person,CBC,PEI,PEI,Canada,CBC,,
MattYoungCTV,MattYoungCTV,MattYoungCTV,OR,person,CTV,Saskatoon,Saskatchewan,Canada,Not CBC,,
MBorrelliCTV,MBorrelliCTV,MBorrelliCTV,OR,person,CTV,Windsor,Ontario,Canada,Not CBC,,
MedicineHatNews,MedicineHatNews,MedicineHatNews,OR,source,Medicine Hat News,Medicine Hat,Alberta,Canada,Not CBC,,
MeeganReadCBC,MeeganReadCBC,MeeganReadCBC,OR,person,CBC,Calgary,Alberta,Canada,CBC,,
meganTcbc,meganTcbc,meganTcbc,OR,person,CBC,Victoria,British Columbia,Canada,CBC,,
MelanieNagyCTV,MelanieNagyCTV,MelanieNagyCTV,OR,person,CTV,British Columbia,British Columbia,Canada,Not CBC,,
MerrittHerald,MerrittHerald,MerrittHerald,OR,source,Merritt Herald,Merritt,British Columbia,Canada,Not CBC,,
metrocalgary,metrocalgary,metrocalgary,OR,source,Metro News,Calgary,Alberta,Canada,Not CBC,,
metroedmonton,metroedmonton,metroedmonton,OR,source,Metro News,Edmonton,Alberta,Canada,Not CBC,,
metrohalifax,metrohalifax,metrohalifax,OR,source,Metro News,Halifax,Nova Scotia,Canada,Not CBC,,
metromorning,metromorning,metromorning,OR,person,CBC,Toronto,Ontario,Canada,CBC,,
MetroNewsCanada,MetroNewsCanada,MetroNewsCanada,OR,source,Metro News,Canada,Canada,Canada,Not CBC,,
metroottawa,metroottawa,metroottawa,OR,source,Metro News,Ottawa,Ontario,Canada,Not CBC,,
metrotoronto,metrotoronto,metrotoronto,OR,source,Metro News,Toronto,Ontario,Canada,Not CBC,,
metrowinnipeg,metrowinnipeg,metrowinnipeg,OR,source,Metro News,Winnipeg,Manitoba,Canada,Not CBC,,
MHarroldCTV,MHarroldCTV,MHarroldCTV,OR,person,CTV,Montreal,Quebec,Canada,Not CBC,,
MICHAELCTV,MICHAELCTV,MICHAELCTV,OR,person,CTV,Ottawa,Ontario,Canada,Not CBC,,
michaeltgorman,michaeltgorman,michaeltgorman,OR,person,CBC,Halifax,Nova Scotia,Canada,CBC,,
MikePHager,MikePHager,MikePHager,OR,person,Globe and Mail,Vancouver,British Columbia,Canada,Not CBC,,
Misener680NEWS,Misener680NEWS,Misener680NEWS,OR,person,680 News,Toronto,Ontario,Canada,Not CBC,,
MissionRecord,MissionRecord,MissionRecord,OR,source,Mission Record,Mission,British Columbia,Canada,Not CBC,,
mitchcormierCBC,mitchcormierCBC,mitchcormierCBC,OR,person,CBC,PEI,PEI,Canada,CBC,,
MiyoungLeeCBC,MiyoungLeeCBC,MiyoungLeeCBC,OR,person,CBC,Vancouver,British Columbia,Canada,CBC,,
MMorton980,MMorton980,MMorton980,OR,person,CKNW,Vancouver,British Columbia,Canada,Not CBC,,
Momin680NEWS,Momin680NEWS,Momin680NEWS,OR,person,680 News,Toronto,Ontario,Canada,Not CBC,,
MontrealCP,MontrealCP,MontrealCP,OR,source,The Canadian Press,Montreal,Quebec,Canada,Not CBC,,
mtlgazette,mtlgazette,mtlgazette,OR,source,Montreal Gazette,Montreal,Quebec,Canada,Not CBC,,
musgravesharon,musgravesharon,musgravesharon,OR,person,CBC,Halifax,Nova Scotia,Canada,CBC,,
mypgnow,mypgnow,mypgnow,OR,source,Vista Radio,British Columbia,British Columbia,Canada,Not CBC,,
NanaimoBulletin,NanaimoBulletin,NanaimoBulletin,OR,source,Nanaimo Bulletin,Nanaimo,British Columbia,Canada,Not CBC,,
NanaimoNewsNOW,NanaimoNewsNOW,NanaimoNewsNOW,OR,source,Nanaimo News Now,Nanaimo,British Columbia,Canada,Not CBC,,
nationalpost,nationalpost,nationalpost,OR,source,National Post,Canada,Canada,Canada,Not CBC,,
NationTalk,NationTalk,NationTalk,OR,source,Nation Talk,North,North,Canada,Not CBC,,
natnewswatch,natnewswatch,natnewswatch,OR,source,Nat News Watch,Canada,Canada,Canada,Not CBC,,
NatObserver,NatObserver,NatObserver,OR,source,National Observer,International,International,International,Not CBC,,
NEWS1130,NEWS1130,NEWS1130,OR,source,NEWS 1130,Vancouver,British Columbia,Canada,Not CBC,,
NEWS1130Dean,NEWS1130Dean,NEWS1130Dean,OR,person,NEWS 1130,Vancouver,British Columbia,Canada,Not CBC,,
NEWS1130Dean,NEWS1130Dean,NEWS1130Dean,OR,person,NEWS 1130,Vancouver,British Columbia,Canada,Not CBC,,
NEWS1130Traffic,NEWS1130Traffic,NEWS1130Traffic,OR,source,NEWS 1130,Vancouver,British Columbia,Canada,Not CBC,,
NEWS1130Weather,NEWS1130Weather,NEWS1130Weather,OR,source,NEWS 1130,Vancouver,British Columbia,Canada,Not CBC,,
News3LV,News3LV,News3LV,OR,source,News 3 Live,Nevada,Nevada,USA,Not CBC,,
news957,news957,news957,OR,source,NEWS 95.7 Halifax,Halifax,Nova Scotia,Canada,Not CBC,,
NEWS957,NEWS957,NEWS957,OR,source,News 957,Halifax,Nova Scotia,Canada,Not CBC,,
newsroomGC,newsroomGC,newsroomGC,OR,source,Government of Canada Newsroom,Canada,Canada,Canada,Not CBC,,
NEWSTALK1010,NEWSTALK1010,NEWSTALK1010,OR,source,NewsTalk 1010,Toronto,Ontario,Canada,Not CBC,,
NewsTalk770,NewsTalk770,NewsTalk770,OR,source,NewsTalk 770,Calgary,Alberta,Canada,Not CBC,,
NiaFallsReview,NiaFallsReview,NiaFallsReview,OR,source,Niagara Falls Review,Niagara Falls,Ontario,Canada,Not CBC,,
NickMooreCTV,NickMooreCTV,NickMooreCTV,OR,person,CTV,Atlantic,Atlantic,Canada,Not CBC,,
NicoleDubeCTV,NicoleDubeCTV,NicoleDubeCTV,OR,person,CTV,Winnipeg,Manitoba,Canada,Not CBC,,
nilkoksalcbc,nilkoksalcbc,nilkoksalcbc,OR,person,CBC,Canada,Canada,Canada,CBC,,
NormanJamesCTV,NormanJamesCTV,NormanJamesCTV,OR,person,CTV,London,Ontario,Canada,Not CBC,,
novanewsnow1,novanewsnow1,novanewsnow1,OR,source,Nova News Now,Nova Scotia,Nova Scotia,Canada,Not CBC,,
NTVNewsNL,NTVNewsNL,NTVNewsNL,OR,source,NTV News,Newfoundland,Newfoundland,Canada,Not CBC,,
OmarCBC,OmarCBC,OmarCBC,OR,person,CBC,Ottawa,Ontario,Canada,CBC,,
OttawaCitizen,OttawaCitizen,OttawaCitizen,OR,source,Ottawa Citizen,Ottawa,Ontario,Canada,Not CBC,,
OttawaCP,OttawaCP,OttawaCP,OR,source,The Canadian Press,Ottawa,Ontario,Canada,Not CBC,,
ottawasuncom,ottawasuncom,ottawasuncom,OR,source,The Sun,Ottawa,Ontario,Canada,Not CBC,,
paivathewayCTV,paivathewayCTV,paivathewayCTV,OR,person,CTV,Windsor,Ontario,Canada,Not CBC,,
PatatLFPress,PatatLFPress,PatatLFPress,OR,person,London Free Press,London,Ontario,Canada,Not CBC,,
PatForanCTVNews,PatForanCTVNews,PatForanCTVNews,OR,person,CTV,Toronto,Ontario,Canada,Not CBC,,
PatMorrell_CBC,PatMorrell_CBC,PatMorrell_CBC,OR,person,CBC,Toronto,Ontario,Canada,CBC,,
patpancoust,patpancoust,patpancoust,OR,person,Global,British Columbia,British Columbia,Canada,Not CBC,,
PatriciaBoalCTV,PatriciaBoalCTV,PatriciaBoalCTV,OR,person,CTV,Ottawa,Ontario,Canada,Not CBC,,
PaulCTV,PaulCTV,PaulCTV,OR,person,CTV,Canada,Canada,Canada,Not CBC,,
PentictonNews,PentictonNews,PentictonNews,OR,source,Penticton News,Penticton,British Columbia,Canada,Not CBC,,
pentononcbc,pentononcbc,pentononcbc,OR,source,CBC,Winnipeg,Manitoba,Canada,CBC,,
PeterCBC,PeterCBC,PeterCBC,OR,person,CBC,Saint Johns,Newfoundland,Canada,CBC,,
peterjontheair,peterjontheair,peterjontheair,OR,person,NEWS 1130,British Columbia,British Columbia,Canada,Not CBC,,
PierrelucCBC,PierrelucCBC,PierrelucCBC,OR,person,CBC,Vancouver,British Columbia,Canada,CBC,,
pjxmn,pjxmn,pjxmn,OR,source,PJXMN,Prince George,British Columbia,Canada,Not CBC,,
PQuinlanGlobal,PQuinlanGlobal,PQuinlanGlobal,OR,person,Global,Saskatoon,Saskatchewan,Canada,Not CBC,,
Q101Merritt,Q101Merritt,Q101Merritt,OR,source,Q101 merritt,Merritt,British Columbia,Canada,Not CBC,,
q104halifax,q104halifax,q104halifax,OR,source,Q104 Halifax,Halifax,Nova Scotia,Canada,Not CBC,,
q104halifax,q104halifax,q104halifax,OR,source,q104 Halifax,Halifax,Nova Scotia,Canada,Not CBC,,
Q13FOX,Q13FOX,Q13FOX,OR,source,Q13 Fox,Seattle,Washington,USA,Not CBC,,
Q99News,Q99News,Q99News,OR,source,Q99 News,Grand Prarie,Alberta,Canada,Not CBC,,
rabbleca,rabbleca,rabbleca,OR,source,Rabble,Canada,Canada,Canada,Not CBC,,
RadioCanadaInfo,RadioCanadaInfo,RadioCanadaInfo,OR,person,CBC,Canada,Canada,Canada,CBC,,
RadioNLNews,RadioNLNews,RadioNLNews,OR,source,Radio NL News,Kamloops,British Columbia,Canada,Not CBC,,
rdnewsNOW,rdnewsNOW,rdnewsNOW,OR,source,Red Deer News Now,Red Deer,Alberta,Canada,Not CBC,,
RedCrossAB,RedCrossAB,RedCrossAB,OR,source,Red Cross,Alberta,Alberta,Canada,Not CBC,,
redcrossak,redcrossak,redcrossak,OR,source,Red Cross,Alaska,Alaska,USA,Not CBC,,
RedCrossBC,RedCrossBC,RedCrossBC,OR,source,Red Cross,British Columbia,British Columbia,Canada,Not CBC,,
redcrosscanada,redcrosscanada,redcrosscanada,OR,source,Red Cross,Canada,Canada,Canada,Not CBC,,
RedCrossDurham,RedCrossDurham,RedCrossDurham,OR,source,Red Cross,Durham,Ontario,Canada,Not CBC,,
RedCrossMB,RedCrossMB,RedCrossMB,OR,source,Red Cross,Manitoba,Manitoba,Canada,Not CBC,,
RedCrossNCR,RedCrossNCR,RedCrossNCR,OR,source,Red Cross,Washington,DC,USA,Not CBC,,
RedCrossSK,RedCrossSK,RedCrossSK,OR,source,Red Cross,Saskatchewan,Saskatchewan,Canada,Not CBC,,
RedDeerAdvocate,RedDeerAdvocate,RedDeerAdvocate,OR,source,Red Deer Advocate,Red Deer,Alberta,Canada,Not CBC,,
ReneeRodgersCTV,ReneeRodgersCTV,ReneeRodgersCTV,OR,person,CTV,Winnipeg,Manitoba,Canada,Not CBC,,
RetaIsmailCTV,RetaIsmailCTV,RetaIsmailCTV,OR,person,CTV,London,Ontario,Canada,Not CBC,,
RevelstokeRevue,RevelstokeRevue,RevelstokeRevue,OR,source,Revelstoke Review,Revelstoke,British Columbia,Canada,Not CBC,,
RiaCKNW980,RiaCKNW980,RiaCKNW980,OR,person,CKNW,New Westminster,British Columbia,Canada,Not CBC,,
RickHughesCBC,RickHughesCBC,RickHughesCBC,OR,person,CBC,Hamilton,Ontario,Canada,CBC,,
RobWilliamsCTV,RobWilliamsCTV,RobWilliamsCTV,OR,person,CTV,Edmonton,Alberta,Canada,Not CBC,,
RodKurtzCBC,RodKurtzCBC,RodKurtzCBC,OR,person,CBC,Edmonton,Alberta,Canada,CBC,,
RosieBarton,RosieBarton,RosieBarton,OR,person,CBC,Ottawa,Ontario,Canada,CBC,,
RyanatLFPress,RyanatLFPress,RyanatLFPress,OR,person,London Free Press,London,Ontario,Canada,Not CBC,,
RyanMacD_CTV,RyanMacD_CTV,RyanMacD_CTV,OR,person,CTV,Cape Breton,Nova Scotia,Canada,Not CBC,,
saanichnews,saanichnews,saanichnews,OR,source,Saanich News,Victoria,British Columbia,Canada,Not CBC,,
SabeenCTV,SabeenCTV,SabeenCTV,OR,person,CTV,Regina,Saskatchewan,Canada,Not CBC,,
SachaLongCTV,SachaLongCTV,SachaLongCTV,OR,person,CTV,Windsor,Ontario,Canada,Not CBC,,
SalmonArm,SalmonArm,SalmonArm,OR,source,Salmon Arm News,Salmon Arm,British Columbia,Canada,Not CBC,,
Salvationist,Salvationist,Salvationist,OR,source,Salvationist,Canada,Canada,Canada,Not CBC,,
SaraFrasercbc,SaraFrasercbc,SaraFrasercbc,OR,person,CBC,PEI,PEI,Canada,CBC,,
SarahPlowmanCTV,SarahPlowmanCTV,SarahPlowmanCTV,OR,person,CTV,Winnipeg,Manitoba,Canada,Not CBC,,
sarahritchiectv,sarahritchiectv,sarahritchiectv,OR,person,CTV,Halifax,Nova Scotia,Canada,Not CBC,,
ScanBC,ScanBC,ScanBC,OR,source,Scan BC,British Columbia,British Columbia,Canada,Not CBC,,
scottfeeglobal,scottfeeglobal,scottfeeglobal,OR,source,Global,Calgary,Alberta,Canada,Not CBC,,
ScottLaurie_CTV,ScottLaurie_CTV,ScottLaurie_CTV,OR,person,CTV,Toronto,Ontario,Canada,Not CBC,,
SeattleCP,SeattleCP,SeattleCP,OR,source,The Canadian Press,Seattle,Washington,Canada,Not CBC,,
seattletimes,seattletimes,seattletimes,OR,source,Seattle Times,Seattle,Washington,USA,Not CBC,,
SethonKOMO,SethonKOMO,SethonKOMO,OR,person,Komo News,Seattle,Washington,Canada,Not CBC,,
ShaluatLFPress,ShaluatLFPress,ShaluatLFPress,OR,person,London Free Press,London,Ontario,Canada,Not CBC,,
shanellekaulCTV,shanellekaulCTV,shanellekaulCTV,OR,person,CTV,Edmonton,Alberta,Canada,Not CBC,,
ShawnaCTV,ShawnaCTV,ShawnaCTV,OR,person,CTV,Winnipeg,Manitoba,Canada,Not CBC,,
SheilaColesCBC,SheilaColesCBC,SheilaColesCBC,OR,person,CBC,Regina,Saskatchewan,Canada,CBC,,
Shelby_Thom,Shelby_Thom,Shelby_Thom,OR,person,Global,British Columbia,British Columbia,Canada,Not CBC,,
ShuswapKicker,ShuswapKicker,ShuswapKicker,OR,source,Shuswap Kicker,Shuswap Lake,British Columbia,Canada,Not CBC,,
SimonDingleyCBC,SimonDingleyCBC,SimonDingleyCBC,OR,person,CBC,Toronto,Ontario,Canada,CBC,,
simonplittle,simonplittle,simonplittle,OR,person,CKNW,Vancouver,British Columbia,Canada,Not CBC,,
skellycbc,skellycbc,skellycbc,OR,person,CBC,Windsor,Ontario,Canada,CBC,,
SLangeneggerCBC,SLangeneggerCBC,SLangeneggerCBC,OR,person,CBC,Saskatchewan,Saskatchewan,Canada,CBC,,
sm680NEWS,sm680NEWS,sm680NEWS,OR,person,680 News,Toronto,Ontario,Canada,Not CBC,,
SMasottiCTV,SMasottiCTV,SMasottiCTV,OR,person,CTV,Windsor,Ontario,Canada,Not CBC,,
SmithersNews,SmithersNews,SmithersNews,OR,source,Smithers News,Smithers,British Columbia,Canada,Not CBC,,
sobittersosweet,sobittersosweet,sobittersosweet,OR,source,Vista Radio,Prince George,British Columbia,Canada,Not CBC,,
SookeNews,SookeNews,SookeNews,OR,source,Sooke News,Sooke,British Columbia,Canada,Not CBC,,
sophiaharrisCBC,sophiaharrisCBC,sophiaharrisCBC,OR,person,CBC,Toronto,Ontario,Canada,CBC,,
SpecReplay,SpecReplay,SpecReplay,OR,source,Hamilton Spectator,Hamilton,Ontario,Canada,Not CBC,,
steinjcbc,steinjcbc,steinjcbc,OR,person,CBC,Yellowknife,North,Canada,CBC,,
StephanieFroese,StephanieFroese,StephanieFroese,OR,person,NEWS 1130,Vancouver,British Columbia,Canada,Not CBC,,
StephTsicosCTV,StephTsicosCTV,StephTsicosCTV,OR,person,CTV,Winnipeg,Manitoba,Canada,Not CBC,,
stevehossCBC,stevehossCBC,stevehossCBC,OR,person,CBC,Iqaluit,North,Canada,CBC,,
SteveTVNews,SteveTVNews,SteveTVNews,OR,person,Komo News,Seattle,Washington,Canada,Not CBC,,
stobincbc,stobincbc,stobincbc,OR,person,CBC,Saint Johns,Newfoundland,Canada,CBC,,
strombo,strombo,strombo,OR,person,CBC,Toronto,Ontario,Canada,CBC,,
Summit107FM,Summit107FM,Summit107FM,OR,source,Summit 107 FM,British Columbia,British Columbia,Canada,Not CBC,,
sunpeaksnews,sunpeaksnews,sunpeaksnews,OR,source,Sunpeak News,Sun Peaks,British Columbia,Canada,Not CBC,,
SurreyNowLeader,SurreyNowLeader,SurreyNowLeader,OR,source,Surrey Now,British Columbia,British Columbia,Canada,Not CBC,,
SusanCTV,SusanCTV,SusanCTV,OR,person,CTV,Edmonton,Alberta,Canada,Not CBC,,
TaraCTV,TaraCTV,TaraCTV,OR,person,CTV,London,Ontario,Canada,Not CBC,,
TDellerCBC,TDellerCBC,TDellerCBC,OR,person,CBC,Saskatoon,Saskatchewan,Canada,CBC,,
thebeaverton,thebeaverton,thebeaverton,OR,source,The Beaverton,Canada,Canada,Canada,Not CBC,,
theBreakerNews,theBreakerNews,theBreakerNews,OR,source,The Breaker News,Vancouver,British Columbia,Canada,Not CBC,,
TheBroadcastCBC,TheBroadcastCBC,TheBroadcastCBC,OR,source,CBC,Canada,Canada,Canada,CBC,,
TheCurrentCBC,TheCurrentCBC,TheCurrentCBC,OR,source,CBC,Canada,Canada,Canada,CBC,,
TheCVPioneer,TheCVPioneer,TheCVPioneer,OR,source,The Comox Valley Pioneer,British Columbia,British Columbia,Canada,Not CBC,,
TheHillTimes,TheHillTimes,TheHillTimes,OR,source,The Hill Times,Ottawa,Ontario,Canada,Not CBC,,
TheNelsonDaily,TheNelsonDaily,TheNelsonDaily,OR,source,The Nelson Daily,Nelson,British Columbia,Canada,Not CBC,,
TheProgress,TheProgress,TheProgress,OR,source,The Progress,Chilliwack,British Columbia,Canada,Not CBC,,
theprovince,theprovince,theprovince,OR,source,The Province,Vancouver,British Columbia,Canada,Not CBC,,
TheRebelTV,TheRebelTV,TheRebelTV,OR,source,Rebel TV,Canada,Canada,Canada,Not CBC,,
TheSocialCTV,TheSocialCTV,TheSocialCTV,OR,source,CTV,Canada,Canada,Canada,Not CBC,,
TheSpec,TheSpec,TheSpec,OR,source,Hamilton Spectator,Hamilton,Ontario,Canada,Not CBC,,
TheSpecEvents,TheSpecEvents,TheSpecEvents,OR,source,Hamilton Spectator,Hamilton,Ontario,Canada,Not CBC,,
TheTorontoSun,TheTorontoSun,TheTorontoSun,OR,source,The Sun,Toronto,Ontario,Canada,Not CBC,,
TheWeatherNetUS,TheWeatherNetUS,TheWeatherNetUS,OR,source,The Weather News US,USA,USA,USA,Not CBC,,
TheWindsorStar,TheWindsorStar,TheWindsorStar,OR,source,Windsor Star,Windsor,Ontario,Canada,Not CBC,,
TiffanyGlobal,TiffanyGlobal,TiffanyGlobal,OR,person,Global,Regina,Saskatchewan,Canada,Not CBC,,
timescolonist,timescolonist,timescolonist,OR,source,Times Colonist,Victoria,British Columbia,Canada,Not CBC,,
Toronto_CP,Toronto_CP,Toronto_CP,OR,source,The Canadian Press,Toronto,Ontario,Canada,Not CBC,,
TorontoStar,TorontoStar,TorontoStar,OR,source,Toronto Star,Toronto,Ontario,Canada,Not CBC,,
TrailDailyTimes,TrailDailyTimes,TrailDailyTimes,OR,source,Trail Daily Times,Trail,British Columbia,Canada,Not CBC,,
TreenaWood,TreenaWood,TreenaWood,OR,person,NEWS 1130,Vancouver,British Columbia,Canada,Not CBC,,
tricitynews,tricitynews,tricitynews,OR,source,Tri-City News,British Columbia,British Columbia,Canada,Not CBC,,
tvo,tvo,tvo,OR,source,TVO,Canada,Canada,Canada,Not CBC,,
TweeterMillsCBC,TweeterMillsCBC,TweeterMillsCBC,OR,source,CBC,Regina,Saskatchewan,Canada,CBC,,
UpNorthCBC,UpNorthCBC,UpNorthCBC,OR,source,CBC,North,North,Canada,CBC,,
urbantoronto,urbantoronto,urbantoronto,OR,source,Urban Toronto,Toronto,Ontario,Canada,Not CBC,,
VancityBuzz,VancityBuzz,VancityBuzz,OR,source,Van City Buzz,Vancouver,British Columbia,Canada,Not CBC,,
Vancouver_CP,Vancouver_CP,Vancouver_CP,OR,source,The Canadian Press,Vancouver,British Columbia,Canada,Not CBC,,
vancouvermetro,vancouvermetro,vancouvermetro,OR,source,Metro News,Vancouver,British Columbia,Canada,Not CBC,,
vancouvernews,vancouvernews,vancouvernews,OR,source,Vancouver News,Vancouver,British Columbia,Canada,Not CBC,,
VancouverSun,VancouverSun,VancouverSun,OR,source,Vancouver Sun,Vancouver,British Columbia,Canada,Not CBC,,
VanessaVVCBC,VanessaVVCBC,VanessaVVCBC,OR,person,CBC,Fredericton,New Brunswick,Canada,CBC,,
VARedCross,VARedCross,VARedCross,OR,source,Red Cross,Virginia,Virginia,USA,Not CBC,,
VassyKapelos,VassyKapelos,VassyKapelos,OR,person,Global,Ottawa,Ontario,Canada,Not CBC,,
WarickCBC,WarickCBC,WarickCBC,OR,person,CBC,Saskatoon,Saskatchewan,Canada,CBC,,
WatchCTVNews,WatchCTVNews,WatchCTVNews,OR,source,CTV,Canada,Canada,Canada,Not CBC,,
WayneMantykaCTV,WayneMantykaCTV,WayneMantykaCTV,OR,person,CTV,Regina,Saskatchewan,Canada,Not CBC,,
weathernetwork,weathernetwork,weathernetwork,OR,source,The Weather Network,Canada,Canada,Canada,Not CBC,,
WeeklyPressNews,WeeklyPressNews,WeeklyPressNews,OR,source,Enfield Weekly News,Enfield,Nova Scotia,Canada,Not CBC,,
WesterlyNews,WesterlyNews,WesterlyNews,OR,source,Westerly News,Vancouver,British Columbia,Canada,Not CBC,,
WinnipegCP,WinnipegCP,WinnipegCP,OR,source,The Canadian Press,Winnipeg,Manitoba,Canada,Not CBC,,
WinnipegNews,WinnipegNews,WinnipegNews,OR,source,Winnipeg Free Press,Winnipeg,Manitoba,Canada,Not CBC,,
winnipegsun,winnipegsun,winnipegsun,OR,source,The Sun,Winnipeg,Manitoba,Canada,Not CBC,,
WorldfNature,WorldfNature,WorldfNature,OR,source,World Of Nature,International,International,International,Not CBC,,
WR_Record,WR_Record,WR_Record,OR,source,Waterloo Region Record,Waterloo,Ontario,Canada,Not CBC,,
xpress_local,xpress_local,xpress_local,OR,source,Local Xpress,Nova Scotia,Nova Scotia,Canada,Not CBC,,
xpress_local,xpress_local,xpress_local,OR,source,Local Xpress,Nova Scotia,Nova Scotia,Canada,Not CBC,,
YahooCanada,YahooCanada,YahooCanada,OR,source,Yahoo,Canada,Canada,Canada,Not CBC,,
YahooCanadaNews,YahooCanadaNews,YahooCanadaNews,OR,source,Yahoo,Canada,Canada,Canada,Not CBC,,
YahooCASports,YahooCASports,YahooCASports,OR,source,Yahoo,Canada,Canada,Canada,Not CBC,,
YahooFinanceCA,YahooFinanceCA,YahooFinanceCA,OR,source,Yahoo,Canada,Canada,Canada,Not CBC,,
YahooMusic,YahooMusic,YahooMusic,OR,source,Yahoo,Canada,Canada,Canada,Not CBC,,
Yellow_PagesBiz,Yellow_PagesBiz,Yellow_PagesBiz,OR,source,Yellow Pages,Canada,Canada,Canada,Not CBC,,
YourCanadaNews,YourCanadaNews,YourCanadaNews,OR,source,Your Canda News,Canada,Canada,Canada,Not CBC,,
Yukon_News,Yukon_News,Yukon_News,OR,source,Yukon News,Yukon,North,Canada,Not CBC,,
ZuraidahCTV,ZuraidahCTV,ZuraidahCTV,OR,person,CTV,Toronto,Ontario,Canada,Not CBC,,
